step,rewards/train/mean
0,0.0625
1,0.25
2,0.0625
3,-0.125
4,-0.625
5,0.875
6,0.0625
7,0.25
8,-0.375
9,0.25
10,-0.375
11,0.25
12,-0.0625
13,-0.0625
14,0.25
15,0.25
16,0.125
17,-0.375
18,-0.25
19,-0.625
20,0.0625
21,0.25
22,0.25
23,0.0625
24,-0.125
25,0.125
26,0.25
27,0.0625
28,0.25
29,0.0625
30,0.875
31,-0.0625
32,0.0625
33,-0.125
34,0.25
35,-0.375
36,0.25
37,-0.1875
38,-0.25
39,-0.125
40,0.125
41,0.25
42,-0.25
43,0.0625
44,0.25
45,0.0
46,0.25
47,1.375
48,0.0625
49,-0.125
50,0.25
51,0.0625
52,0.25
53,0.25
54,0.25
55,0.25
56,-0.125
57,-0.125
58,0.25
59,0.1875
60,0.0625
61,-0.125
62,-0.375
63,-0.1875
64,0.25
65,-0.125
66,0.25
67,-0.25
68,-0.375
69,0.25
70,0.875
71,0.25
72,0.375
73,-0.625
74,-0.375
75,0.25
76,0.6875
77,-0.125
78,0.25
79,-0.125
80,-0.125
81,0.0625
82,0.0
83,1.8125
84,-0.125
85,0.0625
86,0.25
87,0.25
88,0.0
89,0.25
90,0.375
91,0.25
92,-0.125
93,-0.375
94,-0.625
95,0.25
96,0.25
97,0.0
98,0.25
99,-0.375
100,0.875
101,0.0625
102,0.25
103,-0.125
104,0.0625
105,0.65625
106,0.25
107,0.25
108,0.0625
109,0.25
110,0.25
111,0.25
112,-0.1875
113,0.25
114,0.25
115,-0.1875
116,-0.125
117,-0.375
118,0.25
119,-0.375
120,-0.375
121,-0.25
122,-0.375
123,1.625
124,-0.0625
125,-0.25
126,0.125
127,0.25
128,-0.375
129,-0.5
130,-0.125
131,0.875
132,0.0625
133,-0.125
134,0.25
135,0.25
136,0.875
137,0.25
138,0.25
139,-0.125
140,1.125
141,0.875
142,-0.0625
143,0.0625
144,-0.125
145,0.71875
146,1.0625
147,0.25
148,0.125
149,0.25
150,2.25
151,-0.0625
152,1.5625
153,-0.375
154,0.375
155,0.8125
156,0.875
157,2.5
158,2.25
159,1.25
160,0.125
161,2.25
162,-0.25
163,1.125
164,1.375
165,1.125
166,0.0625
167,0.0625
168,0.375
169,0.875
170,0.875
171,2.25
172,0.875
173,0.875
174,1.5625
175,0.25
176,0.875
177,0.40625
178,1.5625
179,0.875
180,-0.375
181,0.5
182,0.875
183,2.25
184,1.8125
185,1.5625
186,1.625
187,0.9375
188,2.5
189,-0.625
190,1.1875
191,0.5625
192,0.375
193,0.5
194,0.75
195,0.875
196,0.25
197,1.375
198,2.25
199,2.25
200,2.5
201,0.5
202,2.25
203,1.4375
204,2.25
205,0.25
206,-0.125
207,0.0625
208,0.875
209,0.25
210,0.5
211,2.25
212,0.75
213,1.5625
214,0.9375
215,0.375
216,0.8125
217,-0.1875
218,1.4375
219,2.5
220,2.5
221,1.125
222,0.375
223,-0.125
224,0.625
225,1.125
226,2.5
227,1.125
228,1.1875
229,1.1875
230,1.8125
231,2.5
232,2.5
233,-0.25
234,1.4375
235,1.125
236,2.5
237,0.78125
238,1.8125
239,0.625
240,1.125
241,0.75
242,2.5
243,1.8125
244,1.125
245,1.125
246,1.8125
247,0.5
248,1.125
249,1.125
250,1.8125
251,0.5
252,0.25
253,1.8125
254,2.5
255,1.8125
256,1.8125
257,1.8125
258,0.3125
259,0.25
260,2.5
261,1.125
262,-0.125
263,1.5
264,0.5
265,1.3125
266,1.5
267,1.125
268,1.8125
269,1.625
270,2.5
271,1.125
272,0.375
273,1.8125
274,0.75
275,0.375
276,1.8125
277,1.5
278,0.5
279,1.125
280,2.5
281,2.5
282,2.5
283,1.28125
284,1.125
285,1.125
286,1.125
287,0.625
288,2.5
289,2.0
290,2.5
291,1.8125
292,1.125
293,2.5
294,2.0
295,0.25
296,1.125
297,0.75
298,0.5
299,1.125
300,0.625
301,2.5
302,0.625
303,1.8125
304,0.78125
305,1.8125
306,1.8125
307,1.8125
308,0.5
309,0.5625
310,2.5
311,1.4375
312,2.5
313,0.5
314,1.625
315,2.5
316,1.125
317,2.5
318,1.125
319,1.625
320,0.0
321,2.5
322,1.8125
323,0.625
324,0.65625
325,2.5
326,1.125
327,1.5
328,1.8125
329,1.8125
330,1.8125
331,1.3125
332,1.25
333,1.3125
334,0.125
335,1.125
336,2.1875
337,2.5
338,-0.125
339,1.1875
340,2.5
341,2.5
342,0.5
343,1.625
344,1.09375
345,2.5
346,2.5
347,1.28125
348,1.3125
349,0.75
350,1.625
351,2.5
352,-0.125
353,0.0
354,1.125
355,2.5
356,1.125
357,1.3125
358,0.0
359,2.5
360,1.875
361,2.5
362,1.625
363,1.3125
364,1.3125
365,2.5
366,2.5
367,1.3125
368,0.125
369,0.0
370,1.3125
371,2.0
372,1.125
373,2.5
374,0.125
375,1.8125
376,1.875
377,2.5
378,2.5
379,1.125
380,1.125
381,2.5
382,1.0
383,1.25
384,1.125
385,2.5
386,0.625
387,2.5
388,1.625
389,0.625
390,1.5
391,1.4375
392,0.9375
393,0.0
394,1.3125
395,0.5
396,1.1875
397,2.5
398,1.5
399,1.125
400,1.3125
401,0.125
402,1.125
403,2.5
404,1.125
405,2.5
406,1.8125
407,0.5
408,0.25
409,1.8125
410,1.3125
411,1.125
412,1.125
413,0.625
414,1.125
415,0.5
416,2.5
417,2.5
418,2.5
419,1.25
420,1.8125
421,2.5
422,1.125
423,2.0
424,0.5
425,2.5
426,0.5625
427,0.5
428,1.125
429,1.125
430,2.5
431,2.5
432,2.5
433,1.125
434,2.5
435,1.8125
436,1.8125
437,1.125
438,1.8125
439,0.5
440,2.5
441,1.125
442,2.5
443,2.1875
444,2.5
445,2.5
446,2.5
447,2.5
448,1.8125
449,1.8125
450,2.5
451,2.5
452,1.8125
453,1.125
454,2.5
455,2.5
456,0.5
457,1.625
458,2.5
459,1.8125
460,2.5
461,1.125
462,2.5
463,2.5
464,1.125
465,1.34375
466,1.125
467,2.5
468,0.5
469,0.5
470,1.28125
471,1.625
472,1.125
473,2.5
474,1.8125
475,1.125
476,2.5
477,1.125
478,2.5
479,2.5
480,1.8125
481,1.125
482,0.5
483,1.28125
484,1.8125
485,2.0
486,1.125
487,2.5
488,0.5
489,2.5
490,2.5
491,2.5
492,1.8125
493,1.125
494,2.5
495,0.5
496,-0.125
497,2.5
498,1.8125
499,0.75
500,1.8125
501,1.28125
502,0.5
503,1.8125
504,1.125
505,1.8125
506,0.75
507,2.5
508,0.125
509,1.8125
510,1.8125
511,-0.125
512,0.8125
513,1.4375
514,2.5
515,2.5
516,1.28125
517,0.625
518,2.0
519,1.125
520,1.96875
521,2.5
522,2.5
523,2.1875
524,1.125
525,1.8125
526,2.5
527,2.5
528,1.8125
529,0.5
530,1.8125
531,1.4375
532,0.5
533,1.125
534,1.1875
535,1.125
536,1.125
537,-0.125
538,1.625
539,1.8125
540,2.5
541,2.5
542,0.9375
543,0.9375
544,1.125
545,1.8125
546,1.1875
547,1.25
548,1.8125
549,2.5
550,2.5
551,1.8125
552,2.5
553,1.125
554,-0.125
555,2.0
556,2.0
557,1.125
558,2.5
559,1.1875
560,0.5
561,0.8125
562,0.5
563,1.8125
564,0.5
565,0.5625
566,1.125
567,1.1875
568,2.5
569,2.1875
570,1.8125
571,2.5
572,1.125
573,2.5
574,1.3125
575,2.5
576,-0.125
577,1.125
578,2.5
579,1.96875
580,1.1875
581,1.8125
582,1.8125
583,-0.125
584,1.8125
585,0.5
586,2.5
587,1.125
588,1.1875
589,1.3125
590,2.5
591,1.125
592,1.8125
593,1.1875
594,1.125
595,0.5
596,1.8125
597,2.5
598,2.5
599,1.125
600,1.8125
601,1.8125
602,2.5
603,1.8125
604,1.6875
605,1.8125
606,2.5
607,0.3125
608,1.25
609,2.5
610,1.5
611,1.125
612,1.8125
613,2.5
614,1.125
615,1.8125
616,2.5
617,1.125
618,1.8125
619,1.125
620,1.8125
621,1.1875
622,1.28125
623,1.125
624,1.96875
625,1.125
626,1.25
627,1.0625
628,1.0
629,0.5
630,2.5
631,1.1875
632,1.125
633,1.125
634,1.125
635,1.125
636,1.125
637,1.125
638,0.75
639,1.46875
640,1.125
641,1.4375
642,2.0
643,1.125
644,0.5
645,0.6875
646,1.34375
647,0.375
648,1.8125
649,1.8125
650,1.125
651,1.875
652,1.125
653,2.5
654,1.25
655,1.125
656,1.125
657,0.5
658,1.125
659,0.75
660,0.75
661,0.75
662,1.1875
663,1.8125
664,1.4375
665,1.1875
666,1.125
667,1.125
668,0.625
669,1.8125
670,1.5
671,1.125
672,1.4375
673,1.125
674,0.8125
675,1.5
676,1.875
677,1.8125
678,1.125
679,0.75
680,1.125
681,1.125
682,1.125
683,0.25
684,1.125
685,1.875
686,2.5
687,1.1875
688,2.5
689,1.125
690,1.625
691,1.8125
692,1.5
693,1.125
694,1.125
695,2.5
696,1.8125
697,1.125
698,1.125
699,0.75
700,1.125
701,0.875
702,1.8125
703,2.5
704,1.125
705,0.8125
706,0.75
707,1.125
708,1.8125
709,0.75
710,1.8125
711,1.8125
712,2.375
713,1.125
714,1.125
715,1.125
716,1.1875
717,1.8125
718,1.5
719,1.0
720,2.5
721,0.90625
722,2.5
723,0.75
724,1.1875
725,1.125
726,1.1875
727,1.125
728,1.125
729,0.5
730,2.5
731,0.75
732,1.1875
733,1.125
734,1.8125
735,2.5
736,1.25
737,1.125
738,1.96875
739,1.875
740,1.8125
741,1.5
742,2.5
743,1.4375
744,1.1875
745,1.125
746,1.1875
747,0.75
748,1.8125
749,0.75
750,1.8125
751,1.8125
752,1.1875
753,1.3125
754,1.1875
755,0.125
756,1.125
757,1.375
758,1.125
759,1.125
760,2.5
761,2.5
762,1.1875
763,1.125
764,1.4375
765,1.625
766,1.8125
767,1.8125
768,1.125
769,0.375
770,1.125
771,1.28125
772,1.125
773,1.8125
774,2.5
775,1.875
776,1.1875
777,1.1875
778,0.75
779,1.4375
780,0.5
781,0.5
782,1.125
783,0.5
784,0.75
785,1.1875
786,1.8125
787,2.5
788,1.96875
789,1.125
790,2.5
791,1.25
792,1.8125
793,1.3125
794,1.125
795,1.8125
796,1.125
797,1.8125
798,1.125
799,1.1875
800,1.125
801,1.1875
802,1.125
803,1.125
804,1.34375
805,2.5
806,1.8125
807,1.8125
808,2.5
809,1.125
810,2.5
811,1.1875
812,1.125
813,2.5
814,2.5
815,1.125
816,0.75
817,1.1875
818,-0.125
819,1.125
820,1.25
821,0.75
822,1.125
823,0.8125
824,1.4375
825,-0.125
826,1.1875
827,1.125
828,1.125
829,0.5
830,2.5
831,0.5625
832,1.1875
833,1.8125
834,0.5
835,2.5
836,1.28125
837,1.8125
838,1.8125
839,1.8125
840,1.96875
841,-0.125
842,1.125
843,1.3125
844,1.25
845,2.5
846,1.8125
847,1.3125
848,1.4375
849,0.5
850,1.125
851,0.5
852,1.1875
853,1.125
854,1.125
855,2.5
856,1.125
857,2.5
858,1.625
859,1.8125
860,2.5
861,0.90625
862,1.8125
863,2.5
864,2.5
865,1.125
866,1.5
867,1.4375
868,-0.125
869,2.5
870,1.125
871,1.8125
872,1.625
873,2.5
874,1.125
875,1.1875
876,1.125
877,0.625
878,1.625
879,1.125
880,2.5
881,2.5
882,2.5
883,1.1875
884,1.3125
885,1.125
886,2.5
887,1.875
888,0.3125
889,1.8125
890,1.3125
891,1.5
892,0.75
893,1.8125
894,1.625
895,1.125
896,1.1875
897,0.5
898,1.125
899,0.125
900,1.125
901,0.8125
902,0.75
903,0.375
904,1.8125
905,0.75
906,1.28125
907,0.125
908,0.375
909,1.625
910,0.5625
911,0.375
912,0.375
913,0.5625
914,0.75
915,0.125
916,0.75
917,0.125
918,0.375
919,0.125
920,1.3125
921,0.5
922,0.125
923,0.375
924,0.75
925,0.125
926,0.375
927,0.3125
928,0.5625
929,1.625
930,0.125
931,1.625
932,0.9375
933,0.5625
934,0.3125
935,2.5
936,0.625
937,1.125
938,0.0
939,0.625
940,0.3125
941,0.3125
942,0.5625
943,0.0
944,0.5
945,0.5
946,2.5
947,0.125
948,0.3125
949,1.125
950,-0.125
951,1.625
952,0.25
953,1.5
954,1.4375
955,1.1875
956,1.625
957,2.5
958,0.125
959,0.75
960,0.65625
961,0.375
962,0.5625
963,0.75
964,0.375
965,1.3125
966,0.3125
967,1.4375
968,0.375
969,0.1875
970,0.75
971,1.4375
972,-0.125
973,0.75
974,0.1875
975,0.125
976,0.375
977,0.375
978,0.25
979,-0.125
980,0.5
981,0.375
982,0.25
983,1.625
984,2.5
985,0.375
986,0.125
987,1.8125
988,0.375
989,1.8125
990,0.375
991,0.5625
992,0.5
993,0.0
994,0.4375
995,0.9375
996,0.625
997,0.5625
998,0.625
999,-0.5
1000,0.0
1001,-0.125
1002,0.5
1003,-0.625
1004,0.25
1005,0.625
1006,0.3125
1007,0.5625
1008,-0.5
1009,1.5
1010,-0.375
1011,0.5625
1012,0.3125
1013,0.5625
1014,0.5625
1015,0.1875
1016,0.75
1017,0.0
1018,0.0
1019,0.3125
1020,0.5
1021,0.1875
1022,0.375
1023,0.4375
1024,0.5
1025,0.625
1026,0.75
1027,0.75
1028,0.5625
1029,0.75
1030,0.75
1031,0.3125
1032,0.1875
1033,0.5625
1034,0.125
1035,0.0
1036,0.625
1037,1.09375
1038,0.625
1039,0.75
1040,2.5
1041,0.0
1042,0.125
1043,0.9375
1044,0.375
1045,0.125
1046,1.125
1047,0.75
1048,0.625
1049,0.125
1050,0.125
1051,0.75
1052,0.375
1053,0.5625
1054,0.5
1055,0.625
1056,0.75
1057,0.125
1058,0.25
1059,0.375
1060,0.75
1061,0.5625
1062,1.625
1063,0.25
1064,0.25
1065,0.375
1066,0.375
1067,0.25
1068,1.625
1069,0.5
1070,0.375
1071,1.875
1072,0.5
1073,0.5625
1074,0.75
1075,0.75
1076,2.5
1077,0.5625
1078,0.75
1079,0.75
1080,0.375
1081,0.375
1082,1.4375
1083,0.9375
1084,-0.125
1085,0.125
1086,0.625
1087,-0.125
1088,1.96875
1089,-0.125
1090,0.4375
1091,0.6875
1092,0.75
1093,0.5
1094,1.3125
1095,2.5
1096,2.5
1097,1.1875
1098,0.5625
1099,0.75
1100,1.625
1101,1.1875
1102,2.5
1103,0.6875
1104,0.5
1105,0.5
1106,1.4375
1107,-0.125
1108,1.125
1109,2.5
1110,2.5
1111,1.1875
1112,0.5
1113,1.125
1114,2.5
1115,0.375
1116,0.5
1117,1.625
1118,0.75
1119,1.28125
1120,0.375
1121,0.25
1122,0.4375
1123,0.75
1124,0.375
1125,0.0
1126,0.3125
1127,0.25
1128,0.75
1129,2.5
1130,0.75
1131,0.75
1132,0.8125
1133,0.5625
1134,0.375
1135,0.375
1136,0.75
1137,0.375
1138,0.375
1139,0.5625
1140,0.75
1141,0.75
1142,0.125
1143,0.5625
1144,0.5625
1145,0.5625
1146,0.5625
1147,0.375
1148,0.5625
1149,0.75
1150,-0.125
1151,0.5625
1152,0.75
1153,0.375
1154,0.75
1155,1.125
1156,-0.125
1157,0.75
1158,0.125
1159,0.3125
1160,0.75
1161,0.375
1162,0.75
1163,0.5625
1164,0.375
1165,1.4375
1166,0.5625
1167,0.5
1168,0.375
1169,0.8125
1170,0.125
1171,0.375
1172,0.125
1173,0.75
1174,0.8125
1175,0.75
1176,0.375
1177,-0.125
1178,-0.125
1179,0.125
1180,0.3125
1181,1.875
1182,0.375
1183,0.25
1184,0.375
1185,0.75
1186,0.75
1187,1.125
1188,0.9375
1189,0.375
1190,0.75
1191,0.25
1192,0.125
1193,0.5625
1194,0.375
1195,0.375
1196,1.09375
1197,0.125
1198,0.75
1199,1.625
1200,0.375
1201,0.5625
1202,0.125
1203,0.375
1204,0.5625
1205,0.375
1206,1.8125
1207,0.75
1208,0.75
1209,1.8125
1210,0.125
1211,0.75
1212,0.125
1213,0.5625
1214,0.375
1215,0.375
1216,0.25
1217,0.75
1218,0.375
1219,0.75
1220,0.25
1221,0.4375
1222,0.3125
1223,1.1875
1224,0.375
1225,-0.125
1226,2.5
1227,0.25
1228,0.5625
1229,0.75
1230,0.25
1231,0.5625
1232,0.375
1233,0.0
1234,0.375
1235,0.375
1236,1.1875
1237,0.75
1238,0.75
1239,1.8125
1240,0.75
1241,0.375
1242,0.75
1243,0.25
1244,0.5625
1245,0.75
1246,0.125
1247,0.125
1248,0.0
1249,0.375
1250,0.375
1251,0.375
1252,0.375
1253,0.375
1254,0.375
1255,0.5625
1256,0.25
1257,0.125
1258,0.375
1259,0.375
1260,0.5625
1261,0.3125
1262,0.5625
1263,0.5625
1264,0.375
1265,0.375
1266,0.5
1267,0.125
1268,0.5625
1269,0.5625
1270,0.375
1271,0.375
1272,0.8125
1273,0.375
1274,1.125
1275,0.125
1276,0.375
1277,0.375
1278,0.25
1279,1.1875
1280,0.375
1281,0.8125
1282,0.8125
1283,0.5625
1284,0.4375
1285,0.75
1286,0.375
1287,0.75
1288,0.3125
1289,0.375
1290,0.375
1291,0.5625
1292,1.8125
1293,0.75
1294,1.875
1295,0.5625
1296,0.375
1297,0.9375
1298,0.125
1299,1.3125
1300,1.4375
1301,0.9375
1302,1.25
1303,0.375
1304,-0.125
1305,1.625
1306,1.125
1307,0.125
1308,0.75
1309,0.375
1310,-0.125
1311,0.375
1312,0.9375
1313,0.125
1314,0.75
1315,0.375
1316,0.375
1317,0.4375
1318,0.125
1319,0.6875
1320,0.75
1321,0.8125
1322,0.78125
1323,0.125
1324,0.4375
1325,0.75
1326,-0.1875
1327,0.75
1328,1.4375
1329,0.9375
1330,1.3125
1331,0.125
1332,1.4375
1333,1.1875
1334,2.5
1335,1.8125
1336,0.75
1337,1.125
1338,1.125
1339,0.5625
1340,1.71875
1341,0.5
1342,0.375
1343,1.875
1344,0.375
1345,1.125
1346,2.5
1347,1.125
1348,0.75
1349,2.5
1350,0.75
1351,0.5
1352,-0.125
1353,1.4375
1354,0.5625
1355,0.5
1356,0.375
1357,1.625
1358,0.75
1359,0.5
1360,0.125
1361,0.125
1362,0.5625
1363,-0.125
1364,0.0625
1365,0.5
1366,2.1875
1367,0.5625
1368,0.75
1369,0.8125
1370,0.5625
1371,0.125
1372,0.3125
1373,2.5
1374,0.75
1375,0.625
1376,1.125
1377,0.5
1378,0.3125
1379,0.5625
1380,0.375
1381,0.75
1382,1.1875
1383,0.375
1384,0.3125
1385,0.5
1386,1.1875
1387,0.125
1388,1.125
1389,0.125
1390,0.8125
1391,0.125
1392,1.1875
1393,0.375
1394,0.75
1395,-0.625
1396,1.125
1397,1.875
1398,0.5625
1399,0.5
1400,-0.125
1401,1.1875
1402,0.75
1403,0.75
1404,0.125
1405,1.625
1406,1.1875
1407,0.75
1408,-0.125
1409,0.75
1410,1.625
1411,1.1875
1412,-0.125
1413,0.90625
1414,2.5
1415,1.125
1416,1.875
1417,0.5
1418,0.375
1419,2.5
1420,1.625
1421,0.9375
1422,0.5
1423,0.75
1424,0.75
1425,1.8125
1426,0.3125
1427,1.4375
1428,1.625
1429,-0.125
1430,1.125
1431,-0.125
1432,1.4375
1433,-0.125
1434,0.25
1435,-0.125
1436,1.125
1437,0.125
1438,1.125
1439,1.8125
1440,0.375
1441,1.8125
1442,-0.125
1443,0.5625
1444,0.65625
1445,-0.125
1446,-0.125
1447,1.625
1448,0.125
1449,0.3125
1450,-0.375
1451,1.125
1452,-0.0625
1453,-0.125
1454,0.375
1455,0.125
1456,0.65625
1457,0.375
1458,1.09375
1459,0.125
1460,0.375
1461,0.375
1462,0.125
1463,0.9375
1464,-0.375
1465,0.125
1466,1.1875
1467,0.3125
1468,0.0625
1469,0.4375
1470,1.1875
1471,1.625
1472,0.9375
1473,1.0625
1474,0.75
1475,0.5
1476,0.0625
1477,0.1875
1478,-0.0625
1479,-0.375
1480,0.3125
1481,0.125
1482,0.0625
1483,0.0625
1484,0.25
1485,-0.375
1486,-0.375
1487,0.1875
1488,-0.25
1489,-0.125
1490,0.25
1491,0.375
1492,-0.25
1493,-0.5
1494,-0.125
1495,-0.0625
1496,0.5625
1497,-0.125
1498,-0.125
1499,0.0
1500,0.5
1501,-0.375
1502,0.0
1503,-0.125
1504,0.375
1505,-0.5
1506,0.125
1507,-0.125
1508,0.375
1509,1.4375
1510,1.5625
1511,0.0625
1512,-0.25
1513,-0.0625
1514,1.5625
1515,0.375
1516,1.125
1517,0.53125
1518,0.25
1519,0.5
1520,-0.375
1521,-0.125
1522,0.0625
1523,0.375
1524,0.0
1525,0.5
1526,-0.375
1527,0.375
1528,0.25
1529,-0.375
1530,0.375
1531,0.9375
1532,0.125
1533,0.9375
1534,1.03125
1535,2.25
1536,0.125
1537,0.125
1538,0.125
1539,1.375
1540,-0.5
1541,0.125
1542,0.125
1543,0.375
1544,0.65625
1545,0.375
1546,0.5
1547,1.75
1548,2.0625
1549,0.875
1550,2.25
1551,-0.375
1552,0.125
1553,1.1875
1554,1.375
1555,0.8125
1556,0.125
1557,0.5
1558,0.125
1559,0.9375
1560,0.0
1561,1.125
1562,2.25
1563,-0.375
1564,-0.375
1565,-0.0625
1566,1.375
1567,0.375
1568,0.6875
1569,0.375
1570,0.0
1571,1.5625
1572,1.375
1573,1.125
1574,1.625
1575,1.25
1576,1.8125
1577,-0.125
1578,0.0625
1579,-0.25
1580,1.5625
1581,1.125
1582,-0.125
1583,0.875
1584,1.125
1585,0.375
1586,-0.375
1587,0.375
1588,1.5625
1589,2.25
1590,0.6875
1591,0.5
1592,0.875
1593,0.375
1594,1.125
1595,0.5625
1596,0.125
1597,1.0625
1598,1.1875
1599,1.1875
1600,1.25
1601,0.875
1602,1.1875
1603,-0.125
1604,1.125
1605,0.6875
1606,-0.375
1607,2.25
1608,0.65625
1609,-0.1875
1610,0.375
1611,0.5
1612,0.6875
1613,0.5
1614,0.3125
1615,1.375
1616,-0.375
1617,1.5625
1618,-0.625
1619,1.0625
1620,0.0
1621,0.53125
1622,1.71875
1623,0.5
1624,0.0
1625,0.5
1626,1.1875
1627,1.625
1628,0.0
1629,0.125
1630,0.25
1631,0.0
1632,0.5
1633,1.625
1634,0.5
1635,0.5
1636,0.25
1637,2.25
1638,0.5
1639,1.0625
1640,0.0625
1641,2.25
1642,0.875
1643,1.125
1644,0.875
1645,0.25
1646,0.5
1647,1.375
1648,0.75
1649,0.5
1650,1.625
1651,2.25
1652,2.25
1653,1.03125
1654,0.25
1655,0.875
1656,0.875
1657,0.3125
1658,0.9375
1659,1.03125
1660,2.25
1661,0.375
1662,1.375
1663,2.25
1664,1.625
1665,0.9375
1666,1.03125
1667,0.0625
1668,0.875
1669,2.25
1670,0.4375
1671,0.875
1672,-0.125
1673,1.125
1674,0.875
1675,-0.125
1676,0.65625
1677,2.25
1678,1.375
1679,0.5
1680,1.5625
1681,0.125
1682,1.0625
1683,0.3125
1684,-0.0625
1685,0.125
1686,0.875
1687,-0.125
1688,-0.25
1689,1.1875
1690,2.25
1691,0.3125
1692,0.125
1693,0.5
1694,0.65625
1695,0.875
1696,0.5
1697,2.25
1698,0.875
1699,0.125
1700,0.5
1701,0.5
1702,1.375
1703,0.0625
1704,0.5
1705,-0.375
1706,1.71875
1707,1.1875
1708,0.25
1709,1.375
1710,0.3125
1711,0.25
1712,-0.25
1713,0.25
1714,0.125
1715,0.125
1716,1.5625
1717,0.6875
1718,-0.125
1719,0.5
1720,0.65625
1721,0.0625
1722,-0.125
1723,0.5
1724,1.75
1725,0.125
1726,-0.125
1727,0.25
1728,0.875
1729,0.375
1730,0.125
1731,0.25
1732,0.125
1733,-0.125
1734,0.9375
1735,1.4375
1736,1.1875
1737,0.0625
1738,0.1875
1739,1.1875
1740,-0.125
1741,0.0625
1742,0.5
1743,0.6875
1744,0.3125
1745,0.125
1746,0.25
1747,1.25
1748,-0.125
1749,0.0
1750,0.125
1751,0.5
1752,1.125
1753,0.125
1754,0.0
1755,0.5625
1756,-0.125
1757,1.03125
1758,0.9375
1759,0.3125
1760,0.4375
1761,0.3125
1762,-0.125
1763,0.3125
1764,0.125
1765,0.5
1766,-0.5
1767,0.0625
1768,-0.125
1769,0.3125
1770,0.5
1771,0.3125
1772,-0.125
1773,0.5625
1774,0.4375
1775,-0.125
1776,-0.125
1777,0.5
1778,0.125
1779,0.0625
1780,0.0
1781,0.75
1782,1.375
1783,0.5
1784,0.5
1785,0.0
1786,0.3125
1787,0.5
1788,0.5
1789,0.125
1790,0.125
1791,-0.125
1792,1.96875
1793,-0.375
1794,0.125
1795,0.125
1796,-0.125
1797,0.25
1798,0.0625
1799,0.125
1800,0.125
1801,0.3125
1802,0.5
1803,-0.125
1804,0.125
1805,-0.125
1806,0.125
1807,0.0
1808,0.0
1809,0.5
1810,-0.375
1811,0.40625
1812,-0.125
1813,0.0
1814,0.3125
1815,0.875
1816,-0.375
1817,0.0625
1818,0.375
1819,-0.375
1820,0.9375
1821,-0.125
1822,-0.125
1823,0.0625
1824,-0.375
1825,0.0
1826,-0.375
1827,-0.125
1828,0.0625
1829,0.0625
1830,0.9375
1831,0.25
1832,-0.25
1833,0.25
1834,1.0625
1835,-0.375
1836,0.5
1837,-0.375
1838,-0.375
1839,-0.375
1840,0.5
1841,0.125
1842,-0.375
1843,-0.125
1844,0.5
1845,-0.375
1846,-0.125
1847,1.125
1848,-0.125
1849,-0.375
1850,-0.375
1851,0.25
1852,0.90625
1853,-0.125
1854,-0.375
1855,0.125
1856,0.125
1857,-0.125
1858,0.9375
1859,0.0625
1860,0.0625
1861,-0.125
1862,0.0625
1863,0.0625
1864,1.1875
1865,-0.125
1866,-0.375
1867,-0.125
1868,-0.125
1869,-0.125
1870,-0.375
1871,-0.375
1872,-0.25
1873,-0.375
1874,1.1875
1875,-0.375
1876,-0.5
1877,-0.375
1878,-0.375
1879,-0.25
1880,-0.125
1881,0.0625
1882,-0.375
1883,-0.375
1884,-0.375
1885,-0.375
1886,0.75
1887,-0.375
1888,-0.375
1889,0.0
1890,-0.25
1891,-0.5
1892,-0.125
1893,0.6875
1894,0.3125
1895,-0.25
1896,-0.375
1897,0.0625
1898,-0.375
1899,-0.375
1900,-0.375
1901,0.0625
1902,-0.375
1903,-0.375
1904,-0.375
1905,1.0625
1906,-0.375
1907,-0.375
1908,-0.1875
1909,-0.375
1910,-0.125
1911,-0.125
1912,-0.375
1913,-0.375
1914,-0.125
1915,-0.375
1916,-0.125
1917,-0.125
1918,0.125
1919,0.125
1920,-0.5
1921,-0.125
1922,-0.1875
1923,0.625
1924,-0.375
1925,0.3125
1926,-0.375
1927,-0.125
1928,0.25
1929,-0.0625
1930,0.9375
1931,-0.125
1932,-0.125
1933,0.125
1934,-0.125
1935,-0.125
1936,0.5
1937,-0.375
1938,0.0625
1939,0.9375
1940,-0.375
1941,0.3125
1942,0.5
1943,-0.125
1944,0.0625
1945,0.125
1946,-0.125
1947,-0.125
1948,0.125
1949,0.0625
1950,0.125
1951,-0.1875
1952,-0.375
1953,0.3125
1954,0.5625
1955,0.0625
1956,-0.0625
1957,-0.125
1958,0.125
1959,-0.125
1960,0.0625
1961,0.125
1962,1.625
1963,0.3125
1964,-0.125
1965,0.5
1966,1.375
1967,-0.125
1968,0.5
1969,0.125
1970,-0.125
1971,0.3125
1972,-0.375
1973,0.5
1974,0.125
1975,-0.125
1976,-0.3125
1977,-0.375
1978,0.9375
1979,0.0625
1980,0.3125
1981,0.1875
1982,0.125
1983,1.125
1984,-0.25
1985,-0.375
1986,0.25
1987,2.25
1988,-0.125
1989,0.125
1990,1.25
1991,-0.5
1992,1.1875
1993,-0.125
1994,-0.375
1995,-0.125
1996,1.25
1997,-0.125
1998,1.125
1999,0.65625
2000,-0.125
2001,2.25
2002,0.125
2003,-0.125
2004,0.125
2005,0.3125
2006,0.875
2007,1.1875
2008,0.375
2009,-0.125
2010,0.9375
2011,0.5
2012,0.1875
2013,-0.125
2014,0.9375
2015,0.25
2016,0.5
2017,0.5
2018,0.40625
2019,0.125
2020,-0.25
2021,0.65625
2022,0.5
2023,1.1875
2024,0.0625
2025,1.5625
2026,0.125
2027,1.1875
2028,0.875
2029,0.25
2030,0.3125
2031,1.625
2032,-0.375
2033,0.875
2034,2.25
2035,2.25
2036,-0.375
2037,0.875
2038,0.6875
2039,0.9375
2040,0.125
2041,-0.375
2042,0.875
2043,-0.125
2044,0.25
2045,0.25
2046,-0.375
2047,0.875
2048,0.875
2049,0.5
2050,-0.125
2051,0.5
2052,1.625
2053,0.6875
2054,-0.125
2055,0.875
2056,0.125
2057,1.5625
2058,-0.0625
2059,0.0625
2060,0.875
2061,0.6875
2062,1.5625
2063,0.65625
2064,-0.3125
2065,-0.125
2066,0.375
2067,0.9375
2068,1.1875
2069,0.875
2070,0.25
2071,0.9375
2072,-0.0625
2073,0.0625
2074,0.9375
2075,1.5625
2076,0.3125
2077,0.5
2078,0.40625
2079,0.5625
2080,0.5
2081,0.3125
2082,0.9375
2083,0.6875
2084,-0.375
2085,0.25
2086,-0.25
2087,2.25
2088,0.3125
2089,0.25
2090,0.5
2091,-0.125
2092,1.5625
2093,2.25
2094,-0.375
2095,2.25
2096,1.25
2097,0.5
2098,1.1875
2099,1.0625
2100,0.6875
2101,0.875
2102,-0.25
2103,2.25
2104,2.25
2105,0.25
2106,0.5
2107,2.25
2108,0.25
2109,0.9375
2110,-0.25
2111,0.25
2112,0.5
2113,1.5625
2114,0.25
2115,0.25
2116,1.5625
2117,-0.375
2118,1.375
2119,2.25
2120,0.875
2121,1.625
2122,0.875
2123,2.25
2124,-0.25
2125,0.9375
2126,0.375
2127,-0.375
2128,-0.125
2129,-0.1875
2130,0.25
2131,0.0
2132,0.25
2133,0.25
2134,0.875
2135,0.25
2136,2.25
2137,0.875
2138,0.9375
2139,0.9375
2140,1.25
2141,0.0625
2142,1.5625
2143,-0.375
2144,-0.625
2145,0.875
2146,1.1875
2147,1.375
2148,0.25
2149,0.9375
2150,2.25
2151,0.875
2152,-0.125
2153,0.9375
2154,0.25
2155,-0.125
2156,-0.625
2157,0.875
2158,1.0625
2159,-0.375
2160,2.25
2161,1.5625
2162,-0.125
2163,0.0
2164,0.0
2165,-0.0625
2166,0.9375
2167,0.5625
2168,0.875
2169,1.0625
2170,0.3125
2171,0.125
2172,1.5625
2173,2.25
2174,-0.25
2175,-0.1875
2176,2.25
2177,0.25
2178,0.5
2179,-0.375
2180,1.5625
2181,2.25
2182,1.5625
2183,-0.125
2184,-0.5
2185,2.25
2186,0.8125
2187,1.03125
2188,1.25
2189,2.25
2190,1.375
2191,-0.25
2192,0.9375
2193,1.5625
2194,0.25
2195,0.25
2196,-0.375
2197,0.5
2198,1.0625
2199,0.25
2200,0.5
2201,0.9375
2202,0.25
2203,2.25
2204,2.25
2205,-0.375
2206,2.25
2207,0.5
2208,0.375
2209,0.5
2210,0.875
2211,0.9375
2212,2.25
2213,0.9375
2214,1.1875
2215,0.5
2216,0.9375
2217,-0.625
2218,1.0625
2219,2.25
2220,1.5625
2221,0.0625
2222,0.5
2223,0.875
2224,0.9375
2225,1.5625
2226,1.5625
2227,2.25
2228,0.875
2229,0.125
2230,0.375
2231,0.25
2232,0.25
2233,0.5
2234,1.03125
2235,2.25
2236,-0.625
2237,1.0625
2238,-0.625
2239,0.5625
2240,-0.625
2241,0.875
2242,0.875
2243,0.25
2244,1.5625
2245,0.65625
2246,0.9375
2247,-0.375
2248,-0.125
2249,-0.375
2250,-0.375
2251,0.9375
2252,1.5625
2253,-0.375
2254,0.875
2255,1.5625
2256,-0.125
2257,0.25
2258,1.1875
2259,0.9375
2260,0.25
2261,0.9375
2262,-0.125
2263,1.25
2264,0.125
2265,1.25
2266,1.03125
2267,0.25
2268,-0.625
2269,0.875
2270,0.9375
2271,1.0625
2272,2.25
2273,-0.375
2274,0.3125
2275,0.25
2276,0.25
2277,0.9375
2278,2.25
2279,0.3125
2280,0.5625
2281,0.875
2282,0.875
2283,1.03125
2284,0.25
2285,-0.375
2286,1.0
2287,0.40625
2288,1.5625
2289,0.9375
2290,0.25
2291,0.9375
2292,0.875
2293,1.625
2294,1.375
2295,0.375
2296,0.875
2297,-0.125
2298,-0.125
2299,0.4375
2300,0.9375
2301,1.5625
2302,2.25
2303,2.25
2304,0.875
2305,1.5625
2306,1.5625
2307,0.875
2308,1.0625
2309,2.25
2310,1.5625
2311,0.25
2312,1.0625
2313,0.25
2314,2.25
2315,0.5
2316,2.25
2317,0.875
2318,1.5625
2319,1.5625
2320,0.25
2321,0.25
2322,2.25
2323,0.25
2324,2.25
2325,-0.5
2326,0.125
2327,-0.625
2328,0.875
2329,-0.5
2330,0.875
2331,1.625
2332,1.5625
2333,-0.375
2334,1.0625
2335,1.5625
2336,1.75
2337,0.25
2338,0.875
2339,0.9375
2340,0.25
2341,0.875
2342,2.25
2343,1.5625
2344,2.25
2345,0.125
2346,2.0625
2347,1.5625
2348,0.875
2349,1.1875
2350,-0.125
2351,2.25
2352,0.875
2353,0.25
2354,0.25
2355,0.3125
2356,0.25
2357,1.0625
2358,0.6875
2359,1.71875
2360,-0.625
2361,0.6875
2362,0.375
2363,0.875
2364,-0.625
2365,1.5625
2366,-0.625
2367,0.875
2368,-0.125
2369,0.25
2370,1.75
2371,0.625
2372,-0.125
2373,0.25
2374,0.25
2375,1.5625
2376,0.3125
2377,0.125
2378,-0.625
2379,2.25
2380,2.25
2381,0.9375
2382,0.9375
2383,0.25
2384,0.0625
2385,0.5
2386,1.375
2387,0.875
2388,0.5
2389,0.875
2390,0.5
2391,-0.125
2392,-0.625
2393,1.21875
2394,0.875
2395,1.1875
2396,-0.625
2397,0.875
2398,1.0625
2399,1.25
2400,-0.625
2401,-0.625
2402,-0.375
2403,1.71875
2404,-0.375
2405,-0.625
2406,-0.375
2407,0.625
2408,0.9375
2409,-0.125
2410,1.0625
2411,0.5
2412,0.25
2413,-0.375
2414,-0.625
2415,2.25
2416,2.25
2417,0.875
2418,1.1875
2419,-0.625
2420,-0.375
2421,1.5625
2422,1.0625
2423,1.0625
2424,0.3125
2425,0.625
2426,1.25
2427,-0.625
2428,-0.625
2429,-0.375
2430,-0.625
2431,-0.625
2432,0.875
2433,1.03125
2434,-0.5
2435,0.875
2436,1.625
2437,0.875
2438,-0.375
2439,0.125
2440,2.25
2441,0.9375
2442,-0.625
2443,0.9375
2444,-0.625
2445,0.875
2446,1.5625
2447,1.5625
2448,0.25
2449,-0.25
2450,-0.5
2451,-0.0625
2452,0.5
2453,-0.625
2454,0.9375
2455,1.375
2456,-0.625
2457,-0.625
2458,0.40625
2459,-0.625
2460,1.5625
2461,-0.375
2462,0.875
2463,0.3125
2464,-0.625
2465,0.9375
2466,-0.3125
2467,-0.625
2468,0.5
2469,-0.375
2470,-0.625
2471,0.25
2472,0.25
2473,-0.625
2474,0.9375
2475,-0.25
2476,0.25
2477,-0.625
2478,-0.125
2479,0.875
2480,0.25
2481,-0.625
2482,2.25
2483,1.5625
2484,-0.625
2485,-0.625
2486,0.25
2487,-0.625
2488,-0.625
2489,0.9375
2490,0.9375
2491,-0.5
2492,1.75
2493,0.125
2494,-0.375
2495,-0.125
2496,-0.625
2497,-0.25
2498,-0.375
2499,-0.625
2500,0.5625
2501,-0.625
2502,-0.625
2503,-0.625
2504,0.875
2505,-0.625
2506,-0.5
2507,-0.625
2508,0.5
2509,0.875
2510,0.53125
2511,0.9375
2512,-0.375
2513,-0.625
2514,0.3125
2515,-0.25
2516,-0.625
2517,0.1875
2518,-0.625
2519,0.125
2520,1.5625
2521,-0.1875
2522,-0.625
2523,1.71875
2524,-0.125
2525,0.3125
2526,-0.625
2527,1.375
2528,0.3125
2529,-0.625
2530,1.0625
2531,-0.625
2532,0.25
2533,0.3125
2534,-0.625
2535,-0.625
2536,-0.125
2537,-0.125
2538,-0.625
2539,-0.625
2540,-0.375
2541,-0.625
2542,-0.1875
2543,0.875
2544,2.0625
2545,-0.5
2546,0.5625
2547,0.25
2548,-0.625
2549,1.375
2550,-0.625
2551,-0.375
2552,-0.375
2553,0.0
2554,0.5
2555,-0.625
2556,-0.625
2557,0.6875
2558,-0.625
2559,-0.5
2560,-0.125
2561,0.5
2562,2.25
2563,1.375
2564,0.125
2565,-0.5
2566,-0.625
2567,1.1875
2568,0.9375
2569,0.9375
2570,1.1875
2571,0.125
2572,2.25
2573,-0.625
2574,-0.625
2575,0.4375
2576,-0.625
2577,-0.1875
2578,2.25
2579,1.1875
2580,-0.5
2581,0.3125
2582,0.875
2583,0.5
2584,0.0625
2585,2.25
2586,-0.625
2587,1.0625
2588,-0.625
2589,-0.625
2590,-0.625
2591,-0.625
2592,0.25
2593,1.1875
2594,0.1875
2595,-0.25
2596,0.6875
2597,-0.625
2598,-0.375
2599,-0.625
2600,-0.625
2601,1.5625
2602,-0.625
2603,1.03125
2604,-0.625
2605,0.9375
2606,0.25
2607,-0.5
2608,-0.125
2609,0.25
2610,0.5
2611,-0.625
2612,0.625
2613,0.9375
2614,1.0625
2615,2.25
2616,-0.125
2617,0.875
2618,0.6875
2619,-0.625
2620,-0.625
2621,-0.625
2622,-0.625
2623,-0.625
2624,-0.625
2625,1.1875
2626,-0.625
2627,-0.625
2628,-0.375
2629,0.125
2630,0.8125
2631,-0.625
2632,-0.625
2633,-0.625
2634,0.875
2635,-0.625
2636,-0.625
2637,0.3125
2638,-0.375
2639,0.375
2640,-0.625
2641,-0.625
2642,-0.625
2643,-0.625
2644,-0.625
2645,-0.375
2646,-0.375
2647,-0.625
2648,2.25
2649,-0.625
2650,-0.625
2651,-0.625
2652,-0.625
2653,-0.25
2654,-0.5
2655,1.5625
2656,-0.625
2657,-0.625
2658,-0.625
2659,-0.625
2660,-0.5
2661,-0.625
2662,-0.625
2663,-0.625
2664,-0.625
2665,-0.125
2666,0.5
2667,0.25
2668,-0.125
2669,-0.625
2670,-0.625
2671,-0.5
2672,-0.375
2673,-0.625
2674,-0.625
2675,1.5625
2676,1.375
2677,0.25
2678,0.25
2679,-0.625
2680,-0.625
2681,0.9375
2682,0.125
2683,-0.625
2684,-0.125
2685,-0.625
2686,-0.625
2687,0.25
2688,-0.625
2689,-0.625
2690,-0.625
2691,-0.625
2692,-0.25
2693,-0.375
2694,0.5
2695,0.125
2696,0.5
2697,-0.625
2698,-0.625
2699,-0.625
2700,-0.625
2701,-0.625
2702,-0.625
2703,-0.625
2704,-0.375
2705,-0.625
2706,-0.625
2707,0.8125
2708,0.875
2709,-0.375
2710,-0.625
2711,-0.625
2712,0.0625
2713,1.5625
2714,-0.625
2715,0.5
2716,1.5625
2717,1.5625
2718,0.125
2719,-0.375
2720,-0.625
2721,-0.375
2722,-0.625
2723,0.5
2724,-0.625
2725,0.9375
2726,-0.625
2727,0.9375
2728,-0.625
2729,0.40625
2730,-0.5
2731,-0.125
2732,-0.625
2733,0.3125
2734,1.1875
2735,-0.125
2736,2.25
2737,-0.625
2738,-0.625
2739,0.125
2740,0.9375
2741,1.5625
2742,-0.625
2743,-0.625
2744,-0.625
2745,1.25
2746,-0.625
2747,-0.625
2748,0.4375
2749,-0.625
2750,0.5
2751,-0.625
2752,-0.125
2753,-0.625
2754,1.25
2755,-0.625
2756,-0.375
2757,0.25
2758,0.25
2759,-0.625
2760,0.3125
2761,-0.625
2762,0.9375
2763,-0.625
2764,-0.625
2765,0.125
2766,-0.125
2767,-0.625
2768,-0.625
2769,-0.625
2770,-0.625
2771,0.25
2772,-0.625
2773,-0.625
2774,-0.625
2775,0.0625
2776,0.40625
2777,1.1875
2778,1.5625
2779,0.25
2780,-0.625
2781,0.9375
2782,1.1875
2783,0.9375
2784,-0.625
2785,-0.125
2786,-0.625
2787,-0.625
2788,0.1875
2789,-0.625
2790,-0.625
2791,-0.625
2792,-0.625
2793,-0.625
2794,-0.625
2795,-0.625
2796,-0.625
2797,-0.625
2798,-0.375
2799,-0.375
2800,-0.625
2801,-0.625
2802,-0.625
2803,-0.625
2804,0.9375
2805,-0.5
2806,-0.625
2807,-0.625
2808,-0.625
2809,0.25
2810,-0.625
2811,-0.625
2812,-0.625
2813,-0.625
2814,0.9375
2815,-0.625
2816,-0.625
2817,-0.625
2818,-0.625
2819,-0.625
2820,-0.625
2821,-0.625
2822,-0.625
2823,1.375
2824,-0.625
2825,-0.625
2826,-0.625
2827,-0.625
2828,0.5
2829,-0.625
2830,-0.625
2831,-0.625
2832,-0.625
2833,-0.625
2834,-0.375
2835,0.875
2836,0.25
2837,0.875
2838,-0.125
2839,-0.125
2840,-0.625
2841,0.8125
2842,0.9375
2843,0.9375
2844,-0.625
2845,0.5
2846,-0.125
2847,-0.625
2848,0.8125
2849,0.8125
2850,-0.625
2851,-0.625
2852,0.875
2853,-0.625
2854,-0.625
2855,-0.625
2856,-0.625
2857,-0.625
2858,-0.625
2859,-0.625
2860,-0.625
2861,-0.625
2862,-0.625
2863,-0.625
2864,-0.625
2865,-0.625
2866,-0.625
2867,-0.375
2868,-0.625
2869,0.8125
2870,-0.625
2871,-0.625
2872,-0.625
2873,-0.375
2874,-0.625
2875,-0.625
2876,1.5625
2877,-0.625
2878,0.125
2879,-0.625
2880,-0.125
2881,-0.0625
2882,-0.625
2883,-0.0625
2884,-0.625
2885,-0.25
2886,-0.625
2887,-0.625
2888,-0.625
2889,-0.625
2890,0.5
2891,1.1875
2892,-0.625
2893,-0.625
2894,-0.375
2895,-0.625
2896,-0.625
2897,0.125
2898,-0.625
2899,-0.625
2900,-0.625
2901,0.3125
2902,-0.625
2903,-0.125
2904,-0.625
2905,-0.625
2906,0.8125
2907,-0.625
2908,-0.625
2909,0.9375
2910,-0.625
2911,-0.625
2912,-0.625
2913,-0.625
2914,-0.625
2915,-0.625
2916,2.25
2917,-0.625
2918,-0.625
2919,0.9375
2920,-0.625
2921,2.25
2922,-0.625
2923,-0.625
2924,-0.625
2925,-0.375
2926,-0.375
2927,-0.625
2928,-0.625
2929,-0.625
2930,-0.625
2931,-0.625
2932,-0.625
2933,-0.375
2934,-0.625
2935,-0.625
2936,-0.625
2937,-0.5
2938,-0.625
2939,-0.625
2940,-0.625
2941,-0.625
2942,-0.625
2943,-0.625
2944,-0.625
2945,-0.625
2946,-0.3125
2947,-0.625
2948,-0.625
2949,0.5
2950,-0.625
2951,0.5
2952,-0.25
2953,-0.625
2954,-0.125
2955,-0.625
2956,-0.625
2957,-0.625
2958,-0.625
2959,-0.625
2960,-0.625
2961,-0.625
2962,-0.625
2963,-0.625
2964,-0.625
2965,0.25
2966,0.9375
2967,-0.625
2968,1.75
2969,0.0625
2970,-0.375
2971,-0.625
2972,-0.625
2973,-0.375
2974,-0.625
2975,-0.625
2976,-0.625
2977,-0.625
2978,-0.625
2979,0.25
2980,0.9375
2981,-0.5
2982,-0.375
2983,-0.625
2984,-0.625
2985,0.875
2986,-0.625
2987,-0.625
2988,-0.625
2989,0.25
2990,-0.625
2991,0.125
2992,0.125
2993,-0.625
2994,0.25
2995,-0.625
2996,0.9375
2997,-0.625
2998,-0.625
2999,-0.625
3000,-0.0625
3001,-0.5
3002,-0.625
3003,0.8125
3004,-0.625
3005,1.71875
3006,0.28125
3007,-0.625
3008,-0.625
3009,-0.625
3010,-0.625
3011,-0.625
3012,-0.625
3013,-0.625
3014,1.25
3015,-0.625
3016,-0.625
3017,0.9375
3018,-0.625
3019,-0.625
3020,-0.5
3021,-0.625
3022,-0.125
3023,1.625
3024,-0.625
3025,-0.625
3026,-0.625
3027,-0.625
3028,-0.375
3029,-0.625
3030,-0.625
3031,-0.625
3032,-0.625
3033,-0.625
3034,-0.125
3035,-0.625
3036,-0.625
3037,-0.625
3038,0.25
3039,-0.625
3040,-0.125
3041,-0.1875
3042,-0.375
3043,-0.625
3044,0.9375
3045,0.5
3046,0.25
3047,0.8125
3048,-0.625
3049,-0.625
3050,-0.625
3051,0.125
3052,-0.625
3053,-0.625
3054,1.5625
3055,-0.625
3056,-0.625
3057,-0.625
3058,0.5
3059,-0.625
3060,-0.625
3061,-0.625
3062,-0.625
3063,-0.625
3064,-0.625
3065,-0.625
3066,-0.625
3067,-0.125
3068,-0.625
3069,-0.375
3070,-0.625
3071,-0.375
3072,-0.625
3073,2.25
3074,-0.625
3075,-0.625
3076,-0.625
3077,-0.625
3078,-0.625
3079,-0.625
3080,-0.625
3081,-0.625
3082,-0.5
3083,-0.625
3084,-0.625
3085,-0.125
3086,-0.625
3087,0.25
3088,-0.5
3089,0.0625
3090,-0.375
3091,-0.125
3092,-0.625
3093,0.8125
3094,-0.625
3095,-0.625
3096,-0.625
3097,-0.625
3098,-0.625
3099,-0.625
3100,-0.5
3101,-0.625
3102,-0.625
3103,-0.625
3104,-0.625
3105,-0.5
3106,-0.625
3107,-0.625
3108,-0.125
3109,0.25
3110,-0.625
3111,-0.625
3112,-0.625
3113,-0.625
3114,-0.625
3115,-0.625
3116,-0.625
3117,0.125
3118,-0.625
3119,-0.625
3120,-0.625
3121,-0.625
3122,-0.625
3123,-0.375
3124,0.875
3125,-0.375
3126,-0.625
3127,-0.625
3128,-0.625
3129,-0.375
3130,-0.625
3131,0.5
3132,-0.625
3133,-0.625
3134,-0.625
3135,-0.625
3136,-0.625
3137,-0.625
3138,-0.625
3139,-0.625
3140,-0.625
3141,-0.375
3142,-0.625
3143,-0.625
3144,-0.625
3145,-0.625
3146,-0.625
3147,-0.625
3148,-0.5
3149,-0.625
3150,-0.625
3151,-0.625
3152,-0.625
3153,-0.625
3154,-0.625
3155,-0.625
3156,-0.625
3157,0.9375
3158,-0.625
3159,-0.625
3160,-0.625
3161,-0.375
3162,-0.375
3163,-0.625
3164,-0.625
3165,-0.625
3166,-0.375
3167,-0.625
3168,-0.625
3169,0.3125
3170,-0.625
3171,0.125
3172,-0.625
3173,-0.625
3174,-0.5
3175,-0.625
3176,2.25
3177,1.1875
3178,-0.625
3179,1.1875
3180,0.5625
3181,-0.5
3182,-0.625
3183,-0.625
3184,2.25
3185,-0.625
3186,-0.625
3187,0.25
3188,-0.625
3189,0.5
3190,-0.375
3191,-0.375
3192,-0.625
3193,0.9375
3194,-0.0625
3195,-0.625
3196,-0.625
3197,-0.625
3198,0.3125
3199,-0.625
3200,2.25
3201,-0.625
3202,-0.375
3203,-0.625
3204,-0.625
3205,0.25
3206,-0.625
3207,0.25
3208,0.9375
3209,1.5625
3210,-0.625
3211,-0.625
3212,-0.625
3213,-0.625
3214,-0.625
3215,-0.625
3216,-0.625
3217,-0.625
3218,0.125
3219,-0.625
3220,-0.375
3221,0.5
3222,0.25
3223,-0.625
3224,-0.625
3225,1.0625
3226,0.28125
3227,0.375
3228,-0.5
3229,-0.625
3230,-0.625
3231,0.9375
3232,-0.625
3233,-0.375
3234,-0.625
3235,2.25
3236,-0.625
3237,-0.625
3238,-0.625
3239,-0.625
3240,0.5
3241,0.25
3242,-0.625
3243,-0.625
3244,-0.625
3245,0.5
3246,-0.625
3247,-0.625
3248,-0.625
3249,-0.625
3250,-0.625
3251,-0.625
3252,1.375
3253,0.9375
3254,1.5625
3255,-0.625
3256,-0.625
3257,-0.625
3258,-0.625
3259,-0.625
3260,-0.625
3261,2.25
3262,0.3125
3263,0.8125
3264,-0.625
3265,-0.5
3266,-0.625
3267,-0.625
3268,-0.625
3269,-0.1875
3270,-0.5
3271,-0.625
3272,0.40625
3273,0.875
3274,-0.625
3275,0.125
3276,-0.125
3277,-0.625
3278,-0.625
3279,-0.625
3280,1.5625
3281,-0.625
3282,-0.625
3283,-0.625
3284,0.25
3285,0.9375
3286,-0.625
3287,2.125
3288,-0.625
3289,-0.625
3290,-0.0625
3291,-0.625
3292,-0.625
3293,-0.625
3294,-0.625
3295,-0.125
3296,0.25
3297,-0.375
3298,0.8125
3299,-0.625
3300,0.25
3301,-0.625
3302,-0.625
3303,-0.25
3304,-0.625
3305,-0.625
3306,-0.625
3307,-0.625
3308,-0.625
3309,0.0625
3310,0.0
3311,-0.625
3312,-0.625
3313,0.3125
3314,-0.625
3315,-0.625
3316,-0.625
3317,2.0625
3318,-0.5
3319,-0.625
3320,-0.625
3321,-0.625
3322,1.375
3323,-0.625
3324,-0.625
3325,-0.625
3326,-0.625
3327,-0.625
3328,-0.625
3329,-0.625
3330,1.375
3331,-0.625
3332,-0.5
3333,-0.625
3334,-0.625
3335,-0.375
3336,-0.625
3337,0.5625
3338,-0.375
3339,0.5
3340,-0.625
3341,-0.125
3342,-0.625
3343,0.9375
3344,-0.625
3345,-0.625
3346,-0.625
3347,-0.625
3348,-0.375
3349,-0.625
3350,-0.625
3351,-0.375
3352,-0.125
3353,2.25
3354,-0.625
3355,0.6875
3356,-0.625
3357,-0.625
3358,1.5625
3359,-0.625
3360,2.25
3361,-0.375
3362,-0.625
3363,1.5625
